ProductId,StoreId,StoreName,Address,neighborhood,QuantityAvailable
1,85123,National_Stores,9_Springview_Point,Bolton_Hill,11
2,71053,Family_Dollar,5434_Daystar_Circle,Ashburton,1
3,84406,BJ's_Wholesale_Club,3_Darwin_Drive,Morrell_Park,11
4,84029,Ocean_State_Job_Lot,684_Bunting_Lane,Fells_Point,1
5,37444,Ollie's_Bargain_Outlet,50162_John_Wall_Drive,Charles_Village,3
6,84406,BJ's_Wholesale_Club,8_Fordem_Pass,Morrell_Park,9
7,84406,BJ's_Wholesale_Club,89058_Monument_Hill,Morrell_Park,4
8,22752,Costco,1_Clarendon_Way,Baltimore_Highlands,3
9,21730,Fred's,629_Crescent_Oaks_Center,Pulaski_Industrial_Area,8
10,22633,Big_Lots,175_Kim_Place,Brooklyn,7
11,22632,HomeGoods,689_Vera_Pass,Hunting_Ridge,4
12,22632,HomeGoods,78107_Logan_Plaza,Hunting_Ridge,2
13,84879,Ben_Franklin,28413_Knutson_Park,Bridgeview/Greenlawn,9
14,37444,Ollie's_Bargain_Outlet,828_Iowa_Parkway,Charles_Village,11
15,22745,Burlington_Coat_Factory,28352_Tennyson_Court,Upton,1
16,84029,Ocean_State_Job_Lot,0_Cottonwood_Pass,Fells_Point,5
17,22748,Renys,14_Mayfield_Alley,Port_Covington,5
18,22749,Gabe's,010_Lunder_Avenue,Oliver,9
19,22310,Meijer,0_Dryden_Park,Ellwood_Park/Monument,4
20,22632,HomeGoods,92_Heffernan_Trail,Hunting_Ridge,5
21,84969,Dd's_Discounts,634_Jackson_Parkway,Canton,2
22,37444,Ollie's_Bargain_Outlet,5_Warner_Parkway,Charles_Village,4
23,22623,Gordmans,353_Blackbird_Avenue,Hampden,3
24,22622,Target,4496_Killdeer_Court,Hoes_Heights,3
25,71053,Family_Dollar,4_Charing_Cross_Plaza,Ashburton,1
26,21730,Fred's,5995_Merchant_Trail,Pulaski_Industrial_Area,11
27,21754,Ross_Stores,023_Coleman_Place,Better_Waverly,2
28,21755,Tuesday_Morning,84269_Crescent_Oaks_Way,Belair-Edison,10
29,21777,Walmart,2_Laurel_Drive,Sabina-Mattfeldt,5
30,48187,Dollar_General,42385_Lighthouse_Bay_Hill,Glen_Oaks,12
31,84879,Ben_Franklin,9_Melvin_Way,Bridgeview/Greenlawn,11
32,84969,Dd's_Discounts,4416_Barby_Terrace,Canton,7
33,84879,Ben_Franklin,496_Cambridge_Plaza,Bridgeview/Greenlawn,7
34,84969,Dd's_Discounts,375_Bellgrove_Point,Canton,3
35,22960,Harbor_Freight_Tools,40020_Morningstar_Crossing,Loch_Raven,8
36,71053,Family_Dollar,39_Graceland_Place,Ashburton,5
37,85123,National_Stores,8_Hudson_Crossing,Bolton_Hill,4
38,22749,Gabe's,55_Bonner_Lane,Oliver,9
39,22748,Renys,24_American_Ash_Plaza,Port_Covington,4
40,48187,Dollar_General,5657_Daystar_Way,Glen_Oaks,7
41,22960,Harbor_Freight_Tools,25036_Division_Terrace,Loch_Raven,9
42,22913,Stein_Mart,8668_Lakewood_Gardens_Road,Gay_Street,6
43,22623,Gordmans,4621_Burrows_Hill,Hampden,10
44,22912,Marshalls,00189_Jana_Plaza,Central_Park_Heights,5
45,22745,Burlington_Coat_Factory,1_Drewry_Circle,Upton,3
46,22913,Stein_Mart,42543_Chinook_Road,Gay_Street,9
47,22914,Five_Below,7329_Esch_Avenue,Washington_Village,11
48,84969,Dd's_Discounts,2_Morrow_Avenue,Canton,11
49,21756,Roses,0_4th_Pass,Frankford,8
50,22728,HomeSense,737_Caliangt_Road,Glenham-Belford,6
51,22632,HomeGoods,41_Knutson_Court,Hunting_Ridge,7
52,22912,Marshalls,25554_Laurel_Alley,Central_Park_Heights,1
53,22727,Fred_Meyer,1538_Steensland_Park,Charles_Village,10
54,22726,Shopko,421_Randy_Lane,Millhill,6
55,22752,Costco,9_Dwight_Plaza,Baltimore_Highlands,10
56,85123,National_Stores,54321_Waxwing_Crossing,Bolton_Hill,2
57,21754,Ross_Stores,71_Dayton_Plaza,Better_Waverly,6
58,22633,Big_Lots,868_Atwood_Park,Brooklyn,10
59,71053,Family_Dollar,7_Ronald_Regan_Park,Ashburton,9
60,22748,Renys,8_Melvin_Drive,Port_Covington,6
61,84969,Dd's_Discounts,645_Pierstorff_Terrace,Canton,5
62,21755,Tuesday_Morning,709_6th_Circle,Belair-Edison,7
63,22748,Renys,6553_Maryland_Center,Port_Covington,2
64,21724,Kmart,89062_Eggendart_Avenue,Cherry_Hill,12
65,22310,Meijer,8_Clove_Center,Ellwood_Park/Monument,12
66,48187,Dollar_General,23_6th_Drive,Glen_Oaks,9
67,22912,Marshalls,2_Lawn_Terrace,Central_Park_Heights,4
68,21756,Roses,82_Golf_Plaza,Frankford,2
69,21777,Walmart,6_Ridgeway_Hill,Sabina-Mattfeldt,6
70,84406,BJ's_Wholesale_Club,2_Brown_Plaza,Morrell_Park,12
71,37444,Ollie's_Bargain_Outlet,0317_Pond_Hill,Charles_Village,1
72,22622,Target,4_4th_Terrace,Hoes_Heights,11
73,22960,Harbor_Freight_Tools,88199_Golf_Course_Center,Loch_Raven,4
74,21883,Bi-Mart,2_Nelson_Alley,Washington_Village,1
75,84406,BJ's_Wholesale_Club,9565_Arkansas_Plaza,Morrell_Park,8
76,22912,Marshalls,9_Iowa_Terrace,Central_Park_Heights,12
77,22726,Shopko,02074_North_Center,Millhill,2
78,22310,Meijer,8132_High_Crossing_Street,Ellwood_Park/Monument,10
79,10002,T.J._Maxx,4591_Crownhardt_Place,Seton_Business_Park,9
80,22622,Target,93_Basil_Trail,Hoes_Heights,2
81,84879,Ben_Franklin,2373_Derek_Plaza,Bridgeview/Greenlawn,8
82,22632,HomeGoods,85_Hayes_Crossing,Hunting_Ridge,8
83,22727,Fred_Meyer,90_Dawn_Point,Charles_Village,8
84,22912,Marshalls,96_Crownhardt_Court,Central_Park_Heights,5
85,21756,Roses,165_Moland_Pass,Frankford,2
86,85123,National_Stores,7588_Hudson_Hill,Bolton_Hill,12
87,10002,T.J._Maxx,19077_Service_Drive,Seton_Business_Park,10
88,37444,Ollie's_Bargain_Outlet,08032_Pennsylvania_Avenue,Charles_Village,3
89,21754,Ross_Stores,666_Helena_Parkway,Better_Waverly,3
90,22960,Harbor_Freight_Tools,01238_Sugar_Parkway,Loch_Raven,1
91,22727,Fred_Meyer,07_Nobel_Pass,Charles_Village,2
92,22752,Costco,26220_Gale_Place,Baltimore_Highlands,11
93,22623,Gordmans,07_Carpenter_Place,Hampden,3
94,22633,Big_Lots,6086_Spenser_Plaza,Brooklyn,10
95,22623,Gordmans,86944_Darwin_Plaza,Hampden,9
96,22913,Stein_Mart,65_School_Alley,Gay_Street,11
97,10002,T.J._Maxx,46172_Marquette_Park,Seton_Business_Park,1
98,22745,Burlington_Coat_Factory,00_Crescent_Oaks_Circle,Upton,9
99,21724,Kmart,82984_Northridge_Junction,Cherry_Hill,1
100,84969,Dd's_Discounts,7_Gina_Street,Canton,7
101,84406,BJ's_Wholesale_Club,9_Kipling_Road,Morrell_Park,11
102,22632,HomeGoods,6286_Knutson_Alley,Hunting_Ridge,12
103,21756,Roses,92300_Granby_Point,Frankford,10
104,22310,Meijer,98_Arkansas_Crossing,Ellwood_Park/Monument,6
105,22749,Gabe's,46564_Dixon_Drive,Oliver,11
106,22726,Shopko,0301_Melody_Crossing,Millhill,3
107,71053,Family_Dollar,3_Transport_Circle,Ashburton,1
108,10002,T.J._Maxx,285_Evergreen_Circle,Seton_Business_Park,12
109,22623,Gordmans,7_Cardinal_Terrace,Hampden,10
110,22745,Burlington_Coat_Factory,7788_Sommers_Avenue,Upton,5
111,22914,Five_Below,57326_Thierer_Center,Washington_Village,7
112,71053,Family_Dollar,368_Mallory_Plaza,Ashburton,4
113,84029,Ocean_State_Job_Lot,69_Iowa_Center,Fells_Point,1
114,84879,Ben_Franklin,7_Shoshone_Hill,Bridgeview/Greenlawn,7
115,21756,Roses,1_Marquette_Crossing,Frankford,6
116,22310,Meijer,13456_Hayes_Avenue,Ellwood_Park/Monument,7
117,84879,Ben_Franklin,7124_Dovetail_Trail,Bridgeview/Greenlawn,1
118,21756,Roses,9_Prentice_Place,Frankford,10
119,21883,Bi-Mart,7_Rockefeller_Parkway,Washington_Village,3
120,22726,Shopko,571_Clarendon_Park,Millhill,12
121,22727,Fred_Meyer,17010_Schiller_Pass,Charles_Village,4
122,48187,Dollar_General,13538_Ryan_Lane,Glen_Oaks,1
123,21756,Roses,2_Longview_Drive,Frankford,1
124,22914,Five_Below,47_Claremont_Junction,Washington_Village,3
125,21756,Roses,9404_Arizona_Court,Frankford,12
126,71053,Family_Dollar,47136_Sundown_Avenue,Ashburton,12
127,22912,Marshalls,13_Melody_Avenue,Central_Park_Heights,12
128,21791,Dollar_Tree,805_Eggendart_Plaza,Mondawmin,3
129,84969,Dd's_Discounts,60609_Wayridge_Junction,Canton,2
130,22633,Big_Lots,947_Kingsford_Parkway,Brooklyn,2
131,21791,Dollar_Tree,83_South_Place,Mondawmin,7
132,22728,HomeSense,943_South_Drive,Glenham-Belford,4
133,37444,Ollie's_Bargain_Outlet,23_Esch_Center,Charles_Village,5
134,21035,Bargain_Hunt,517_David_Park,Mount_Holly,2
135,22310,Meijer,9_Nelson_Hill,Ellwood_Park/Monument,9
136,71053,Family_Dollar,2_Harper_Way,Ashburton,1
137,22914,Five_Below,83_Michigan_Circle,Washington_Village,6
138,22633,Big_Lots,4_Hayes_Crossing,Brooklyn,1
139,22726,Shopko,72026_Evergreen_Drive,Millhill,11
140,10002,T.J._Maxx,73083_Darwin_Park,Seton_Business_Park,4
141,21756,Roses,1_Dakota_Drive,Frankford,11
142,71053,Family_Dollar,05873_Dovetail_Parkway,Ashburton,8
143,84406,BJ's_Wholesale_Club,2_Fairfield_Court,Morrell_Park,11
144,22749,Gabe's,35_Evergreen_Drive,Oliver,4
145,21724,Kmart,81_Forest_Run_Hill,Cherry_Hill,6
146,21756,Roses,0524_Anhalt_Lane,Frankford,7
147,21754,Ross_Stores,44_Drewry_Street,Better_Waverly,12
148,84969,Dd's_Discounts,0_Corscot_Point,Canton,2
149,22728,HomeSense,15_Kipling_Court,Glenham-Belford,1
150,21883,Bi-Mart,58468_Armistice_Drive,Washington_Village,1
151,84969,Dd's_Discounts,3_Burrows_Crossing,Canton,12
152,71053,Family_Dollar,8_Mockingbird_Court,Ashburton,4
153,22632,HomeGoods,14852_Jenna_Avenue,Hunting_Ridge,1
154,21754,Ross_Stores,8566_Clove_Hill,Better_Waverly,9
155,22745,Burlington_Coat_Factory,0200_Westport_Circle,Upton,3
156,71053,Family_Dollar,260_Kinsman_Street,Ashburton,11
157,84879,Ben_Franklin,12375_Almo_Junction,Bridgeview/Greenlawn,6
158,22633,Big_Lots,46_Schlimgen_Hill,Brooklyn,9
159,21883,Bi-Mart,43_Spohn_Crossing,Washington_Village,12
160,22633,Big_Lots,3440_Mcbride_Court,Brooklyn,3
161,21777,Walmart,9630_Dahle_Hill,Sabina-Mattfeldt,3
162,22913,Stein_Mart,68257_Bellgrove_Way,Gay_Street,9
163,22752,Costco,1497_Cordelia_Point,Baltimore_Highlands,2
164,22310,Meijer,49695_Quincy_Alley,Ellwood_Park/Monument,8
165,84029,Ocean_State_Job_Lot,84_Bellgrove_Lane,Fells_Point,3
166,22622,Target,17_Kim_Circle,Hoes_Heights,3
167,37444,Ollie's_Bargain_Outlet,00109_Forest_Run_Point,Charles_Village,1
168,22749,Gabe's,35736_Lukken_Drive,Oliver,1
169,21756,Roses,76813_Hoffman_Crossing,Frankford,3
170,22728,HomeSense,688_Hanover_Road,Glenham-Belford,2
171,21777,Walmart,2514_Summit_Court,Sabina-Mattfeldt,3
172,22749,Gabe's,8_Milwaukee_Way,Oliver,7
173,21035,Bargain_Hunt,72321_Stuart_Road,Mount_Holly,4
174,22622,Target,22_Mifflin_Junction,Hoes_Heights,3
175,84879,Ben_Franklin,8425_Mandrake_Point,Bridgeview/Greenlawn,11
176,21756,Roses,40477_Caliangt_Center,Frankford,11
177,22748,Renys,17793_Chinook_Parkway,Port_Covington,7
178,10002,T.J._Maxx,0124_Kingsford_Hill,Seton_Business_Park,1
179,21755,Tuesday_Morning,26176_Acker_Pass,Belair-Edison,1
180,84029,Ocean_State_Job_Lot,581_Buhler_Parkway,Fells_Point,7
181,21777,Walmart,82167_Russell_Junction,Sabina-Mattfeldt,12
182,71053,Family_Dollar,1_Canary_Center,Ashburton,1
183,84879,Ben_Franklin,6_Westend_Plaza,Bridgeview/Greenlawn,11
184,37444,Ollie's_Bargain_Outlet,4_Cascade_Terrace,Charles_Village,4
185,21035,Bargain_Hunt,5_Autumn_Leaf_Pass,Mount_Holly,4
186,84406,BJ's_Wholesale_Club,82_Trailsway_Junction,Morrell_Park,3
187,22726,Shopko,3_Bashford_Park,Millhill,2
188,22745,Burlington_Coat_Factory,65_Melvin_Court,Upton,4
189,22726,Shopko,417_Ilene_Lane,Millhill,1
190,22726,Shopko,595_Sugar_Street,Millhill,1
191,37444,Ollie's_Bargain_Outlet,8_Vidon_Place,Charles_Village,10
192,21777,Walmart,655_Union_Center,Sabina-Mattfeldt,1
193,21791,Dollar_Tree,0_Merry_Hill,Mondawmin,9
194,21756,Roses,13_Chinook_Way,Frankford,5
195,84029,Ocean_State_Job_Lot,3627_Elka_Center,Fells_Point,2
196,21777,Walmart,57004_Sauthoff_Avenue,Sabina-Mattfeldt,12
197,22748,Renys,71593_Macpherson_Way,Port_Covington,10
198,21724,Kmart,7022_Toban_Crossing,Cherry_Hill,1
199,22752,Costco,45038_Commercial_Avenue,Baltimore_Highlands,4
200,22914,Five_Below,68_Jenna_Parkway,Washington_Village,8
201,22727,Fred_Meyer,223_Old_Gate_Trail,Charles_Village,9
202,22912,Marshalls,79174_Eliot_Plaza,Central_Park_Heights,9
203,21755,Tuesday_Morning,5428_Judy_Hill,Belair-Edison,5
204,37444,Ollie's_Bargain_Outlet,33113_Arizona_Avenue,Charles_Village,7
205,84029,Ocean_State_Job_Lot,052_Di_Loreto_Circle,Fells_Point,12
206,10002,T.J._Maxx,308_Forest_Run_Pass,Seton_Business_Park,12
207,37444,Ollie's_Bargain_Outlet,303_Atwood_Way,Charles_Village,10
208,84029,Ocean_State_Job_Lot,86009_Summer_Ridge_Alley,Fells_Point,8
209,37444,Ollie's_Bargain_Outlet,125_Lakewood_Gardens_Trail,Charles_Village,1
210,21730,Fred's,677_David_Alley,Pulaski_Industrial_Area,9
211,21756,Roses,2457_Northfield_Circle,Frankford,3
212,22310,Meijer,16_Welch_Avenue,Ellwood_Park/Monument,1
213,22726,Shopko,09_Reindahl_Drive,Millhill,11
214,22728,HomeSense,56979_Goodland_Court,Glenham-Belford,10
215,21883,Bi-Mart,95_Clove_Court,Washington_Village,11
216,21791,Dollar_Tree,80659_Crownhardt_Junction,Mondawmin,11
217,22912,Marshalls,35_Thackeray_Road,Central_Park_Heights,2
218,84406,BJ's_Wholesale_Club,8_Bobwhite_Road,Morrell_Park,9
219,22749,Gabe's,4_Lerdahl_Circle,Oliver,12
220,22745,Burlington_Coat_Factory,2629_Pennsylvania_Lane,Upton,7
221,22622,Target,06038_Talisman_Park,Hoes_Heights,7
222,22623,Gordmans,60_Dennis_Crossing,Hampden,6
223,84029,Ocean_State_Job_Lot,14_Mariners_Cove_Alley,Fells_Point,10
224,84879,Ben_Franklin,8_Monica_Alley,Bridgeview/Greenlawn,11
225,22752,Costco,084_Starling_Crossing,Baltimore_Highlands,3
226,22913,Stein_Mart,8_Pleasure_Drive,Gay_Street,3
227,22749,Gabe's,131_Everett_Circle,Oliver,5
228,22633,Big_Lots,96660_Arapahoe_Road,Brooklyn,8
229,21730,Fred's,4844_Valley_Edge_Park,Pulaski_Industrial_Area,7
230,22748,Renys,9_Knutson_Point,Port_Covington,2
231,22748,Renys,935_Delladonna_Way,Port_Covington,11
232,84879,Ben_Franklin,447_Barnett_Place,Bridgeview/Greenlawn,12
233,21035,Bargain_Hunt,4_Lawn_Lane,Mount_Holly,7
234,10002,T.J._Maxx,494_Artisan_Junction,Seton_Business_Park,2
235,71053,Family_Dollar,2_Sullivan_Pass,Ashburton,3
236,22727,Fred_Meyer,84_Aberg_Crossing,Charles_Village,7
237,22913,Stein_Mart,9957_Gerald_Alley,Gay_Street,1
238,22752,Costco,0826_Sachs_Way,Baltimore_Highlands,3
239,71053,Family_Dollar,9_Vahlen_Pass,Ashburton,5
240,22745,Burlington_Coat_Factory,7752_Barby_Center,Upton,1
241,10002,T.J._Maxx,0_Montana_Court,Seton_Business_Park,9
242,22960,Harbor_Freight_Tools,1_Londonderry_Park,Loch_Raven,7
243,22633,Big_Lots,81811_Debra_Pass,Brooklyn,10
244,22960,Harbor_Freight_Tools,1_Fulton_Hill,Loch_Raven,4
245,22745,Burlington_Coat_Factory,2_Express_Pass,Upton,7
246,22728,HomeSense,6_3rd_Junction,Glenham-Belford,3
247,22914,Five_Below,22_Northland_Plaza,Washington_Village,5
248,21724,Kmart,7330_John_Wall_Place,Cherry_Hill,2
249,85123,National_Stores,26_Straubel_Hill,Bolton_Hill,3
250,84969,Dd's_Discounts,1_Grover_Trail,Canton,11
251,22914,Five_Below,55750_Village_Way,Washington_Village,5
252,22960,Harbor_Freight_Tools,58626_Morning_Pass,Loch_Raven,8
253,22913,Stein_Mart,37754_La_Follette_Avenue,Gay_Street,9
254,21754,Ross_Stores,03_Debs_Crossing,Better_Waverly,5
255,84406,BJ's_Wholesale_Club,904_Mockingbird_Junction,Morrell_Park,10
256,22726,Shopko,613_Gerald_Trail,Millhill,8
257,85123,National_Stores,925_Pennsylvania_Parkway,Bolton_Hill,8
258,22913,Stein_Mart,10_Burning_Wood_Parkway,Gay_Street,5
259,84879,Ben_Franklin,06_Mcbride_Junction,Bridgeview/Greenlawn,3
260,22727,Fred_Meyer,50607_Schurz_Junction,Charles_Village,11
261,22749,Gabe's,5_Ohio_Junction,Oliver,2
262,10002,T.J._Maxx,7905_Eastwood_Crossing,Seton_Business_Park,4
263,22912,Marshalls,256_Grover_Lane,Central_Park_Heights,5
264,85123,National_Stores,60899_Westport_Way,Bolton_Hill,7
265,21724,Kmart,70933_Heffernan_Street,Cherry_Hill,8
266,22912,Marshalls,4_Crownhardt_Crossing,Central_Park_Heights,3
267,84879,Ben_Franklin,462_Sunbrook_Drive,Bridgeview/Greenlawn,6
268,22752,Costco,99_Evergreen_Parkway,Baltimore_Highlands,3
269,48187,Dollar_General,769_Meadow_Ridge_Junction,Glen_Oaks,9
270,22748,Renys,3_Upham_Park,Port_Covington,1
271,22745,Burlington_Coat_Factory,727_Goodland_Center,Upton,2
272,22623,Gordmans,73345_Briar_Crest_Point,Hampden,2
273,21724,Kmart,4_Derek_Alley,Cherry_Hill,12
274,22622,Target,0_Lakeland_Junction,Hoes_Heights,3
275,22752,Costco,50689_La_Follette_Alley,Baltimore_Highlands,10
276,22727,Fred_Meyer,8407_Manitowish_Alley,Charles_Village,7
277,21777,Walmart,1830_Forest_Dale_Parkway,Sabina-Mattfeldt,5
278,10002,T.J._Maxx,2613_Shoshone_Drive,Seton_Business_Park,1
279,21724,Kmart,36_Brickson_Park_Hill,Cherry_Hill,4
280,22749,Gabe's,09471_1st_Circle,Oliver,5
281,22914,Five_Below,23_Doe_Crossing_Center,Washington_Village,2
282,22749,Gabe's,6_Chinook_Alley,Oliver,12
283,22728,HomeSense,589_Norway_Maple_Park,Glenham-Belford,7
284,22749,Gabe's,175_Melby_Terrace,Oliver,3
285,84969,Dd's_Discounts,87927_Riverside_Parkway,Canton,6
286,21777,Walmart,881_Eagan_Way,Sabina-Mattfeldt,3
287,10002,T.J._Maxx,31187_Maywood_Trail,Seton_Business_Park,11
288,22748,Renys,93957_Kim_Avenue,Port_Covington,2
289,22914,Five_Below,9_Harbort_Alley,Washington_Village,5
290,22745,Burlington_Coat_Factory,15_Pawling_Alley,Upton,12
291,22727,Fred_Meyer,31_Mcguire_Road,Charles_Village,9
292,85123,National_Stores,73_Mcbride_Way,Bolton_Hill,4
293,84879,Ben_Franklin,946_Waywood_Pass,Bridgeview/Greenlawn,7
294,22912,Marshalls,59345_Dryden_Court,Central_Park_Heights,9
295,84406,BJ's_Wholesale_Club,9616_6th_Circle,Morrell_Park,4
296,22749,Gabe's,02_Rieder_Road,Oliver,9
297,22727,Fred_Meyer,5804_Summit_Lane,Charles_Village,1
298,22727,Fred_Meyer,019_Utah_Pass,Charles_Village,2
299,22960,Harbor_Freight_Tools,59902_Fisk_Road,Loch_Raven,11
300,21754,Ross_Stores,98_American_Alley,Better_Waverly,11
301,21791,Dollar_Tree,88_Almo_Junction,Mondawmin,3
302,84879,Ben_Franklin,1879_Aberg_Drive,Bridgeview/Greenlawn,8
303,21724,Kmart,9_Melby_Crossing,Cherry_Hill,6
304,22310,Meijer,3647_Hermina_Road,Ellwood_Park/Monument,12
305,22745,Burlington_Coat_Factory,17985_Anderson_Terrace,Upton,7
306,84029,Ocean_State_Job_Lot,05_Atwood_Drive,Fells_Point,10
307,37444,Ollie's_Bargain_Outlet,15_Mesta_Alley,Charles_Village,2
308,84406,BJ's_Wholesale_Club,95130_Columbus_Terrace,Morrell_Park,8
309,21730,Fred's,8_Lunder_Terrace,Pulaski_Industrial_Area,5
310,22728,HomeSense,8072_Aberg_Alley,Glenham-Belford,1
311,85123,National_Stores,2183_Paget_Terrace,Bolton_Hill,12
312,22728,HomeSense,1_Del_Mar_Way,Glenham-Belford,6
313,22745,Burlington_Coat_Factory,2_Roth_Park,Upton,8
314,22914,Five_Below,795_Sloan_Avenue,Washington_Village,3
315,22632,HomeGoods,49989_Lerdahl_Center,Hunting_Ridge,10
316,22913,Stein_Mart,7774_Eliot_Junction,Gay_Street,8
317,22745,Burlington_Coat_Factory,2_Oak_Circle,Upton,3
318,21730,Fred's,2399_Artisan_Junction,Pulaski_Industrial_Area,8
319,22726,Shopko,060_Merry_Pass,Millhill,10
320,71053,Family_Dollar,74_Aberg_Trail,Ashburton,10
321,48187,Dollar_General,28505_Farragut_Way,Glen_Oaks,7
322,10002,T.J._Maxx,36_Main_Pass,Seton_Business_Park,11
323,22913,Stein_Mart,0966_Mayfield_Street,Gay_Street,12
324,10002,T.J._Maxx,7480_Main_Drive,Seton_Business_Park,6
325,84969,Dd's_Discounts,9609_Menomonie_Lane,Canton,6
326,22752,Costco,7_Arapahoe_Court,Baltimore_Highlands,11
327,22749,Gabe's,71705_Brown_Alley,Oliver,8
328,48187,Dollar_General,79768_Hudson_Terrace,Glen_Oaks,9
329,22745,Burlington_Coat_Factory,3_Hayes_Court,Upton,9
330,22749,Gabe's,9270_2nd_Way,Oliver,12
331,84879,Ben_Franklin,9449_Mallory_Street,Bridgeview/Greenlawn,12
332,37444,Ollie's_Bargain_Outlet,22711_Shelley_Park,Charles_Village,3
333,21754,Ross_Stores,36_Little_Fleur_Lane,Better_Waverly,6
334,21756,Roses,63_Briar_Crest_Drive,Frankford,1
335,22622,Target,25_Toban_Road,Hoes_Heights,3
336,21755,Tuesday_Morning,66727_Dixon_Street,Belair-Edison,9
337,22726,Shopko,0_Hallows_Hill,Millhill,2
338,84879,Ben_Franklin,633_Arrowood_Way,Bridgeview/Greenlawn,10
339,22726,Shopko,24_Oak_Valley_Alley,Millhill,1
340,22632,HomeGoods,32_Bluestem_Park,Hunting_Ridge,8
341,22913,Stein_Mart,8402_Luster_Parkway,Gay_Street,3
342,22749,Gabe's,799_Johnson_Crossing,Oliver,1
343,22749,Gabe's,35426_Armistice_Point,Oliver,6
344,21754,Ross_Stores,277_Loftsgordon_Plaza,Better_Waverly,5
345,37444,Ollie's_Bargain_Outlet,8753_Autumn_Leaf_Circle,Charles_Village,4
346,84406,BJ's_Wholesale_Club,6_Green_Junction,Morrell_Park,6
347,37444,Ollie's_Bargain_Outlet,7_Merchant_Way,Charles_Village,2
348,37444,Ollie's_Bargain_Outlet,038_Hovde_Junction,Charles_Village,12
349,37444,Ollie's_Bargain_Outlet,0_Truax_Crossing,Charles_Village,1
350,21035,Bargain_Hunt,28_Dennis_Pass,Mount_Holly,12
351,21791,Dollar_Tree,1_Fordem_Way,Mondawmin,10
352,22960,Harbor_Freight_Tools,4310_Hollow_Ridge_Street,Loch_Raven,5
353,22728,HomeSense,2_Calypso_Park,Glenham-Belford,9
354,21730,Fred's,710_Summerview_Parkway,Pulaski_Industrial_Area,8
355,22310,Meijer,41_Scott_Parkway,Ellwood_Park/Monument,10
356,22912,Marshalls,6965_School_Point,Central_Park_Heights,9
357,21730,Fred's,05547_Mendota_Plaza,Pulaski_Industrial_Area,5
358,84406,BJ's_Wholesale_Club,8_Redwing_Way,Morrell_Park,3
359,22960,Harbor_Freight_Tools,75_Haas_Trail,Loch_Raven,10
360,21754,Ross_Stores,22_Barby_Point,Better_Waverly,1
361,10002,T.J._Maxx,7908_Lukken_Hill,Seton_Business_Park,8
362,84879,Ben_Franklin,22_Mariners_Cove_Crossing,Bridgeview/Greenlawn,9
363,21777,Walmart,51591_Morning_Trail,Sabina-Mattfeldt,7
364,22912,Marshalls,3516_Bay_Pass,Central_Park_Heights,11
365,21730,Fred's,0055_Annamark_Terrace,Pulaski_Industrial_Area,12
366,22960,Harbor_Freight_Tools,863_Rockefeller_Park,Loch_Raven,12
367,84029,Ocean_State_Job_Lot,208_Barnett_Junction,Fells_Point,2
368,22748,Renys,10134_Luster_Park,Port_Covington,10
369,84969,Dd's_Discounts,4309_Grayhawk_Park,Canton,7
370,22623,Gordmans,313_Transport_Court,Hampden,8
371,84879,Ben_Franklin,12_Northwestern_Court,Bridgeview/Greenlawn,1
372,21777,Walmart,2_Texas_Lane,Sabina-Mattfeldt,3
373,71053,Family_Dollar,91558_Dawn_Parkway,Ashburton,7
374,85123,National_Stores,5787_Dexter_Hill,Bolton_Hill,12
375,21791,Dollar_Tree,5193_Moland_Hill,Mondawmin,2
376,22310,Meijer,26030_Green_Lane,Ellwood_Park/Monument,3
377,21777,Walmart,47909_John_Wall_Avenue,Sabina-Mattfeldt,2
378,21730,Fred's,7_Moland_Avenue,Pulaski_Industrial_Area,4
379,21756,Roses,4891_School_Trail,Frankford,10
380,22752,Costco,3_Arapahoe_Avenue,Baltimore_Highlands,11
381,22913,Stein_Mart,545_Division_Point,Gay_Street,3
382,22752,Costco,24_Florence_Terrace,Baltimore_Highlands,12
383,21754,Ross_Stores,4193_Clove_Crossing,Better_Waverly,12
384,84879,Ben_Franklin,88_Sunfield_Trail,Bridgeview/Greenlawn,7
385,84879,Ben_Franklin,0_Bartelt_Point,Bridgeview/Greenlawn,2
386,22749,Gabe's,10155_Mifflin_Center,Oliver,8
387,22960,Harbor_Freight_Tools,7356_South_Drive,Loch_Raven,8
388,10002,T.J._Maxx,0_North_Place,Seton_Business_Park,1
389,10002,T.J._Maxx,9152_Fremont_Alley,Seton_Business_Park,12
390,21791,Dollar_Tree,586_Ruskin_Park,Mondawmin,6
391,71053,Family_Dollar,9773_Glacier_Hill_Terrace,Ashburton,11
392,21730,Fred's,04_Sheridan_Street,Pulaski_Industrial_Area,11
393,21777,Walmart,25_Corscot_Road,Sabina-Mattfeldt,10
394,71053,Family_Dollar,4_South_Road,Ashburton,5
395,22914,Five_Below,1_Barby_Way,Washington_Village,8
396,22632,HomeGoods,542_Browning_Place,Hunting_Ridge,6
397,21756,Roses,11_Bellgrove_Junction,Frankford,10
398,48187,Dollar_General,9680_Ronald_Regan_Hill,Glen_Oaks,8
399,22622,Target,5_Armistice_Hill,Hoes_Heights,2
400,48187,Dollar_General,56_Trailsway_Place,Glen_Oaks,5
401,21724,Kmart,608_Pennsylvania_Crossing,Cherry_Hill,9
402,37444,Ollie's_Bargain_Outlet,75_Rieder_Avenue,Charles_Village,7
403,71053,Family_Dollar,0_Spenser_Road,Ashburton,2
404,22727,Fred_Meyer,23_Beilfuss_Street,Charles_Village,2
405,71053,Family_Dollar,0_Bartillon_Pass,Ashburton,7
406,22310,Meijer,31_Upham_Park,Ellwood_Park/Monument,10
407,21777,Walmart,1062_Brickson_Park_Pass,Sabina-Mattfeldt,7
408,22728,HomeSense,47_Garrison_Drive,Glenham-Belford,10
409,48187,Dollar_General,560_Sunbrook_Place,Glen_Oaks,7
410,84879,Ben_Franklin,6634_6th_Street,Bridgeview/Greenlawn,10
411,21777,Walmart,53066_Sycamore_Pass,Sabina-Mattfeldt,12
412,22745,Burlington_Coat_Factory,12_Jana_Point,Upton,2
413,21883,Bi-Mart,5_Merrick_Way,Washington_Village,8
414,22752,Costco,3_South_Park,Baltimore_Highlands,1
415,22745,Burlington_Coat_Factory,76_Golden_Leaf_Trail,Upton,9
416,21724,Kmart,6877_Hooker_Hill,Cherry_Hill,1
417,84879,Ben_Franklin,88110_Walton_Street,Bridgeview/Greenlawn,1
418,22623,Gordmans,521_Pierstorff_Pass,Hampden,2
419,22726,Shopko,7537_Maywood_Place,Millhill,7
420,21724,Kmart,6423_Vahlen_Court,Cherry_Hill,3
421,22912,Marshalls,4633_Marquette_Way,Central_Park_Heights,9
422,48187,Dollar_General,01_Brickson_Park_Center,Glen_Oaks,11
423,48187,Dollar_General,21952_Hagan_Alley,Glen_Oaks,1
424,84029,Ocean_State_Job_Lot,8_Westerfield_Hill,Fells_Point,11
425,21730,Fred's,211_Hovde_Terrace,Pulaski_Industrial_Area,6
426,85123,National_Stores,4_Fallview_Trail,Bolton_Hill,10
427,10002,T.J._Maxx,9_Morningstar_Crossing,Seton_Business_Park,8
428,21777,Walmart,7_Mayfield_Crossing,Sabina-Mattfeldt,6
429,22914,Five_Below,496_Heffernan_Park,Washington_Village,5
430,22912,Marshalls,3_Trailsway_Trail,Central_Park_Heights,11
431,21754,Ross_Stores,8_Roxbury_Parkway,Better_Waverly,7
432,21724,Kmart,8_Burrows_Circle,Cherry_Hill,5
433,21756,Roses,00_Clemons_Street,Frankford,4
434,84879,Ben_Franklin,693_Shasta_Center,Bridgeview/Greenlawn,12
435,22623,Gordmans,2474_Upham_Plaza,Hampden,1
436,48187,Dollar_General,590_Cottonwood_Park,Glen_Oaks,9
437,84879,Ben_Franklin,66509_Porter_Hill,Bridgeview/Greenlawn,1
438,22749,Gabe's,23_American_Circle,Oliver,10
439,21791,Dollar_Tree,52658_Doe_Crossing_Crossing,Mondawmin,5
440,21724,Kmart,6742_Lillian_Center,Cherry_Hill,5
441,21777,Walmart,329_Blackbird_Crossing,Sabina-Mattfeldt,2
442,21035,Bargain_Hunt,51_Twin_Pines_Point,Mount_Holly,7
443,22726,Shopko,8710_Lillian_Point,Millhill,8
444,21724,Kmart,070_Thierer_Alley,Cherry_Hill,8
445,10002,T.J._Maxx,69567_Loomis_Plaza,Seton_Business_Park,3
446,84969,Dd's_Discounts,4763_Northport_Center,Canton,10
447,21754,Ross_Stores,591_Continental_Drive,Better_Waverly,3
448,22623,Gordmans,4_Elka_Street,Hampden,3
449,22914,Five_Below,8_Boyd_Court,Washington_Village,2
450,37444,Ollie's_Bargain_Outlet,25_Scoville_Crossing,Charles_Village,8
451,22752,Costco,10025_Kenwood_Park,Baltimore_Highlands,12
452,22749,Gabe's,6_Glendale_Terrace,Oliver,5
453,22623,Gordmans,6339_Village_Green_Street,Hampden,1
454,71053,Family_Dollar,476_Sauthoff_Park,Ashburton,10
455,84879,Ben_Franklin,743_Continental_Terrace,Bridgeview/Greenlawn,3
456,22745,Burlington_Coat_Factory,7_Mallard_Pass,Upton,6
457,21777,Walmart,7140_Springview_Pass,Sabina-Mattfeldt,9
458,22960,Harbor_Freight_Tools,79408_Grover_Drive,Loch_Raven,10
459,22310,Meijer,74_Dryden_Trail,Ellwood_Park/Monument,10
460,21035,Bargain_Hunt,2183_Ryan_Avenue,Mount_Holly,11
461,22748,Renys,6814_Corscot_Park,Port_Covington,5
462,21756,Roses,1_Drewry_Crossing,Frankford,10
463,84879,Ben_Franklin,51695_Northland_Court,Bridgeview/Greenlawn,12
464,22748,Renys,304_Charing_Cross_Park,Port_Covington,2
465,21791,Dollar_Tree,6_Portage_Lane,Mondawmin,10
466,21777,Walmart,0855_Eagan_Lane,Sabina-Mattfeldt,8
467,22748,Renys,93_Meadow_Ridge_Lane,Port_Covington,5
468,21035,Bargain_Hunt,48292_Stoughton_Avenue,Mount_Holly,11
469,22726,Shopko,704_Garrison_Road,Millhill,4
470,21791,Dollar_Tree,4_Kedzie_Parkway,Mondawmin,4
471,84406,BJ's_Wholesale_Club,98_Monterey_Drive,Morrell_Park,3
472,84879,Ben_Franklin,2_Summit_Terrace,Bridgeview/Greenlawn,1
473,21730,Fred's,551_Nancy_Way,Pulaski_Industrial_Area,1
474,10002,T.J._Maxx,1_Schmedeman_Crossing,Seton_Business_Park,2
475,22914,Five_Below,59_Westridge_Hill,Washington_Village,5
476,21755,Tuesday_Morning,6_Comanche_Place,Belair-Edison,9
477,21035,Bargain_Hunt,197_Mayer_Avenue,Mount_Holly,5
478,22748,Renys,173_Riverside_Pass,Port_Covington,6
479,21755,Tuesday_Morning,5_Cottonwood_Crossing,Belair-Edison,9
480,22749,Gabe's,36_Homewood_Trail,Oliver,5
481,22728,HomeSense,057_Vernon_Plaza,Glenham-Belford,4
482,84029,Ocean_State_Job_Lot,2_Iowa_Avenue,Fells_Point,6
483,22632,HomeGoods,10883_West_Way,Hunting_Ridge,3
484,48187,Dollar_General,3798_Homewood_Park,Glen_Oaks,7
485,84029,Ocean_State_Job_Lot,76237_Lien_Center,Fells_Point,6
486,84969,Dd's_Discounts,548_Jana_Terrace,Canton,10
487,84029,Ocean_State_Job_Lot,0_Cambridge_Trail,Fells_Point,3
488,84879,Ben_Franklin,05700_Eagle_Crest_Circle,Bridgeview/Greenlawn,12
489,22727,Fred_Meyer,51_Springview_Plaza,Charles_Village,12
490,21756,Roses,05870_Hintze_Circle,Frankford,8
491,71053,Family_Dollar,7535_Dawn_Road,Ashburton,1
492,37444,Ollie's_Bargain_Outlet,81_Petterle_Trail,Charles_Village,4
493,21791,Dollar_Tree,7311_Southridge_Avenue,Mondawmin,12
494,85123,National_Stores,4_Dixon_Junction,Bolton_Hill,11
495,84969,Dd's_Discounts,67754_Fallview_Junction,Canton,10
496,22745,Burlington_Coat_Factory,1_Alpine_Avenue,Upton,10
497,22622,Target,1737_Hudson_Hill,Hoes_Heights,9
498,21754,Ross_Stores,82744_Bonner_Terrace,Better_Waverly,4
499,22748,Renys,34927_Algoma_Point,Port_Covington,12
500,22912,Marshalls,26230_Nova_Hill,Central_Park_Heights,3
501,22310,Meijer,0969_Menomonie_Drive,Ellwood_Park/Monument,8
502,21754,Ross_Stores,900_Johnson_Terrace,Better_Waverly,2
503,21755,Tuesday_Morning,7_Westend_Circle,Belair-Edison,1
504,22310,Meijer,9327_Eastwood_Avenue,Ellwood_Park/Monument,10
505,71053,Family_Dollar,2_Clyde_Gallagher_Street,Ashburton,4
506,21756,Roses,88_Stephen_Terrace,Frankford,2
507,22727,Fred_Meyer,60_Magdeline_Plaza,Charles_Village,7
508,22310,Meijer,6_Dwight_Way,Ellwood_Park/Monument,6
509,21754,Ross_Stores,95_Mccormick_Center,Better_Waverly,9
510,85123,National_Stores,9_Spaight_Road,Bolton_Hill,12
511,21777,Walmart,985_West_Road,Sabina-Mattfeldt,5
512,22748,Renys,59_8th_Lane,Port_Covington,9
513,84029,Ocean_State_Job_Lot,67664_Atwood_Court,Fells_Point,6
514,10002,T.J._Maxx,6_Stang_Circle,Seton_Business_Park,10
515,22912,Marshalls,2076_Esch_Avenue,Central_Park_Heights,6
516,21777,Walmart,4_Anniversary_Plaza,Sabina-Mattfeldt,3
517,21035,Bargain_Hunt,46_Myrtle_Pass,Mount_Holly,7
518,22914,Five_Below,0_Fairview_Junction,Washington_Village,2
519,22728,HomeSense,994_Monument_Junction,Glenham-Belford,1
520,22310,Meijer,058_Fairfield_Place,Ellwood_Park/Monument,5
521,22726,Shopko,6_Summit_Avenue,Millhill,1
522,21724,Kmart,8_Hoard_Point,Cherry_Hill,6
523,22914,Five_Below,680_Ramsey_Road,Washington_Village,3
524,71053,Family_Dollar,81_Corscot_Avenue,Ashburton,12
525,84029,Ocean_State_Job_Lot,5_Pankratz_Way,Fells_Point,12
526,22632,HomeGoods,38_Leroy_Park,Hunting_Ridge,11
527,22914,Five_Below,55_Hoepker_Road,Washington_Village,5
528,22912,Marshalls,84326_Texas_Parkway,Central_Park_Heights,7
529,22912,Marshalls,53_Mitchell_Way,Central_Park_Heights,6
530,22748,Renys,7484_Valley_Edge_Way,Port_Covington,2
531,22913,Stein_Mart,8946_Crescent_Oaks_Center,Gay_Street,3
532,21791,Dollar_Tree,70523_Dixon_Parkway,Mondawmin,6
533,22912,Marshalls,47963_Bartelt_Point,Central_Park_Heights,5
534,21754,Ross_Stores,70990_Oxford_Crossing,Better_Waverly,10
535,37444,Ollie's_Bargain_Outlet,818_Farwell_Trail,Charles_Village,12
536,22728,HomeSense,4489_Heath_Alley,Glenham-Belford,6
537,22633,Big_Lots,0462_Iowa_Lane,Brooklyn,5
538,22960,Harbor_Freight_Tools,632_Petterle_Junction,Loch_Raven,10
539,84879,Ben_Franklin,997_Dunning_Way,Bridgeview/Greenlawn,7
540,21754,Ross_Stores,38_Lakewood_Gardens_Hill,Better_Waverly,1
541,22633,Big_Lots,351_Pawling_Hill,Brooklyn,12
542,22623,Gordmans,5169_Waywood_Court,Hampden,3
543,22913,Stein_Mart,63_Marcy_Crossing,Gay_Street,12
544,22623,Gordmans,2386_Raven_Junction,Hampden,11
545,22960,Harbor_Freight_Tools,83_Melrose_Terrace,Loch_Raven,7
546,22310,Meijer,51152_Independence_Alley,Ellwood_Park/Monument,1
547,22752,Costco,4_Gale_Drive,Baltimore_Highlands,3
548,21730,Fred's,62920_Kings_Lane,Pulaski_Industrial_Area,4
549,22914,Five_Below,0_Starling_Pass,Washington_Village,5
550,71053,Family_Dollar,04830_Sloan_Way,Ashburton,5
551,22752,Costco,27_Menomonie_Hill,Baltimore_Highlands,4
552,22748,Renys,678_Evergreen_Lane,Port_Covington,12
553,10002,T.J._Maxx,0385_Rockefeller_Plaza,Seton_Business_Park,9
554,22914,Five_Below,10759_Homewood_Avenue,Washington_Village,6
555,37444,Ollie's_Bargain_Outlet,730_Buell_Way,Charles_Village,10
556,22745,Burlington_Coat_Factory,14_Lotheville_Avenue,Upton,12
557,84879,Ben_Franklin,8435_Tony_Place,Bridgeview/Greenlawn,7
558,84029,Ocean_State_Job_Lot,35_Division_Park,Fells_Point,3
559,37444,Ollie's_Bargain_Outlet,84871_Union_Crossing,Charles_Village,9
560,21754,Ross_Stores,686_Swallow_Terrace,Better_Waverly,10
561,21777,Walmart,81058_Goodland_Place,Sabina-Mattfeldt,2
562,22749,Gabe's,32_Dunning_Circle,Oliver,6
563,21883,Bi-Mart,29216_Fisk_Place,Washington_Village,1
564,22752,Costco,80622_Center_Drive,Baltimore_Highlands,2
565,85123,National_Stores,96_Marquette_Court,Bolton_Hill,12
566,22745,Burlington_Coat_Factory,6172_Pennsylvania_Park,Upton,3
567,84879,Ben_Franklin,34790_Menomonie_Place,Bridgeview/Greenlawn,11
568,21755,Tuesday_Morning,3332_Oxford_Park,Belair-Edison,4
569,22633,Big_Lots,7756_Bay_Street,Brooklyn,10
570,10002,T.J._Maxx,3_Hollow_Ridge_Court,Seton_Business_Park,6
571,22726,Shopko,49_Mockingbird_Drive,Millhill,7
572,22752,Costco,747_Basil_Pass,Baltimore_Highlands,1
573,22728,HomeSense,8_Nobel_Avenue,Glenham-Belford,5
574,21724,Kmart,65_Daystar_Court,Cherry_Hill,9
575,22745,Burlington_Coat_Factory,04_Superior_Junction,Upton,4
576,84969,Dd's_Discounts,68_Tennyson_Place,Canton,12
577,84879,Ben_Franklin,90992_Forest_Drive,Bridgeview/Greenlawn,1
578,22960,Harbor_Freight_Tools,61_Corscot_Alley,Loch_Raven,12
579,22749,Gabe's,4_Debra_Court,Oliver,1
580,21730,Fred's,3_Laurel_Terrace,Pulaski_Industrial_Area,9
581,84969,Dd's_Discounts,256_Vera_Terrace,Canton,9
582,22728,HomeSense,78595_Southridge_Drive,Glenham-Belford,2
583,22726,Shopko,915_Crowley_Circle,Millhill,12
584,22632,HomeGoods,68_Hoffman_Park,Hunting_Ridge,12
585,21730,Fred's,57_Gerald_Street,Pulaski_Industrial_Area,11
586,21035,Bargain_Hunt,1642_Mccormick_Trail,Mount_Holly,6
587,22912,Marshalls,5_Moulton_Junction,Central_Park_Heights,12
588,21755,Tuesday_Morning,326_Waubesa_Alley,Belair-Edison,8
589,22633,Big_Lots,2282_Waxwing_Point,Brooklyn,8
590,21883,Bi-Mart,718_Merchant_Center,Washington_Village,12
591,22745,Burlington_Coat_Factory,23_Novick_Crossing,Upton,6
592,21791,Dollar_Tree,6_Commercial_Trail,Mondawmin,12
593,21756,Roses,96_Gateway_Parkway,Frankford,11
594,84969,Dd's_Discounts,8613_Arapahoe_Terrace,Canton,3
595,21777,Walmart,0_Cambridge_Court,Sabina-Mattfeldt,4
596,84879,Ben_Franklin,24_Burning_Wood_Point,Bridgeview/Greenlawn,8
597,21035,Bargain_Hunt,15_Harbort_Road,Mount_Holly,3
598,84029,Ocean_State_Job_Lot,68_Di_Loreto_Park,Fells_Point,5
599,22748,Renys,6_Stone_Corner_Street,Port_Covington,6
600,22752,Costco,75_Waxwing_Plaza,Baltimore_Highlands,1
601,22748,Renys,9_Kingsford_Terrace,Port_Covington,9
602,22726,Shopko,64671_Hintze_Center,Millhill,8
603,37444,Ollie's_Bargain_Outlet,26_Sutherland_Place,Charles_Village,1
604,22748,Renys,3767_Lotheville_Pass,Port_Covington,8
605,22726,Shopko,4_Carioca_Court,Millhill,1
606,71053,Family_Dollar,73_Jackson_Street,Ashburton,8
607,22752,Costco,86_Lakeland_Trail,Baltimore_Highlands,3
608,22914,Five_Below,6_Bunker_Hill_Park,Washington_Village,1
609,22623,Gordmans,93903_Maple_Parkway,Hampden,4
610,48187,Dollar_General,498_Marquette_Point,Glen_Oaks,12
611,21755,Tuesday_Morning,0_Morningstar_Street,Belair-Edison,1
612,22727,Fred_Meyer,40_Transport_Alley,Charles_Village,10
613,21730,Fred's,5712_Portage_Junction,Pulaski_Industrial_Area,6
614,21730,Fred's,45_Forest_Run_Circle,Pulaski_Industrial_Area,11
615,22748,Renys,4_Arizona_Terrace,Port_Covington,1
616,21791,Dollar_Tree,146_Dunning_Avenue,Mondawmin,2
617,21724,Kmart,9153_Luster_Lane,Cherry_Hill,10
618,22726,Shopko,906_Melody_Avenue,Millhill,5
619,22623,Gordmans,7103_Truax_Crossing,Hampden,2
620,48187,Dollar_General,09_Haas_Drive,Glen_Oaks,8
621,22752,Costco,7_Starling_Junction,Baltimore_Highlands,2
622,22748,Renys,0540_6th_Street,Port_Covington,6
623,21791,Dollar_Tree,927_Namekagon_Center,Mondawmin,8
624,22727,Fred_Meyer,4440_Melrose_Junction,Charles_Village,4
625,71053,Family_Dollar,32352_Pond_Pass,Ashburton,11
626,22727,Fred_Meyer,59550_Kim_Park,Charles_Village,6
627,22749,Gabe's,4_Village_Center,Oliver,3
628,21724,Kmart,96_Amoth_Hill,Cherry_Hill,11
629,22310,Meijer,1_Hovde_Junction,Ellwood_Park/Monument,11
630,71053,Family_Dollar,55_Ohio_Street,Ashburton,1
631,21777,Walmart,92_Del_Sol_Alley,Sabina-Mattfeldt,8
632,22728,HomeSense,1857_Kennedy_Alley,Glenham-Belford,10
633,22310,Meijer,3375_Muir_Street,Ellwood_Park/Monument,4
634,22913,Stein_Mart,88_Oxford_Hill,Gay_Street,4
635,22622,Target,9_Randy_Road,Hoes_Heights,12
636,84969,Dd's_Discounts,6362_Eastwood_Court,Canton,11
637,21883,Bi-Mart,02135_Lake_View_Pass,Washington_Village,7
638,22622,Target,831_Oxford_Way,Hoes_Heights,4
639,21756,Roses,62_Park_Meadow_Point,Frankford,12
640,22913,Stein_Mart,52504_Northwestern_Court,Gay_Street,7
641,22632,HomeGoods,29_7th_Place,Hunting_Ridge,1
642,22960,Harbor_Freight_Tools,9404_Orin_Circle,Loch_Raven,4
643,22913,Stein_Mart,05_Upham_Road,Gay_Street,1
644,22632,HomeGoods,2188_Fieldstone_Park,Hunting_Ridge,1
645,21756,Roses,01_Anhalt_Point,Frankford,10
646,48187,Dollar_General,96_Dovetail_Lane,Glen_Oaks,8
647,10002,T.J._Maxx,791_Corben_Lane,Seton_Business_Park,10
648,22912,Marshalls,0925_Lerdahl_Lane,Central_Park_Heights,8
649,21754,Ross_Stores,2_Forest_Dale_Plaza,Better_Waverly,1
650,21730,Fred's,9667_Troy_Plaza,Pulaski_Industrial_Area,9
651,22633,Big_Lots,715_Debra_Crossing,Brooklyn,2
652,21777,Walmart,3719_Moose_Alley,Sabina-Mattfeldt,1
653,22728,HomeSense,09719_Canary_Plaza,Glenham-Belford,10
654,22633,Big_Lots,39_Crest_Line_Terrace,Brooklyn,8
655,22728,HomeSense,5_Fuller_Center,Glenham-Belford,4
656,84406,BJ's_Wholesale_Club,3659_Longview_Drive,Morrell_Park,11
657,21730,Fred's,16386_Mayer_Way,Pulaski_Industrial_Area,7
658,21777,Walmart,369_Fairfield_Pass,Sabina-Mattfeldt,4
659,84879,Ben_Franklin,375_Elgar_Parkway,Bridgeview/Greenlawn,8
660,84406,BJ's_Wholesale_Club,6532_Barnett_Way,Morrell_Park,8
661,22632,HomeGoods,1809_Melrose_Street,Hunting_Ridge,8
662,22726,Shopko,6_Reinke_Point,Millhill,2
663,84969,Dd's_Discounts,26_Ryan_Avenue,Canton,2
664,21756,Roses,22_Carberry_Crossing,Frankford,9
665,84969,Dd's_Discounts,8011_Monterey_Center,Canton,10
666,85123,National_Stores,6_Old_Gate_Junction,Bolton_Hill,4
667,22914,Five_Below,22_Bartillon_Junction,Washington_Village,3
668,84406,BJ's_Wholesale_Club,9474_Rutledge_Junction,Morrell_Park,8
669,21754,Ross_Stores,43642_Erie_Trail,Better_Waverly,10
670,21755,Tuesday_Morning,822_Vernon_Point,Belair-Edison,1
671,22632,HomeGoods,0278_Manley_Terrace,Hunting_Ridge,6
672,22913,Stein_Mart,3133_Farragut_Center,Gay_Street,8
673,85123,National_Stores,1370_Scott_Alley,Bolton_Hill,12
674,22749,Gabe's,01619_Sunfield_Street,Oliver,3
675,22310,Meijer,740_Blackbird_Junction,Ellwood_Park/Monument,4
676,22914,Five_Below,89458_Veith_Center,Washington_Village,4
677,48187,Dollar_General,78_Towne_Place,Glen_Oaks,7
678,21730,Fred's,98132_Sugar_Hill,Pulaski_Industrial_Area,1
679,22310,Meijer,4706_Dorton_Hill,Ellwood_Park/Monument,12
680,22632,HomeGoods,09458_Dovetail_Place,Hunting_Ridge,6
681,84969,Dd's_Discounts,442_Claremont_Junction,Canton,5
682,22623,Gordmans,0_Prairieview_Point,Hampden,6
683,37444,Ollie's_Bargain_Outlet,8_Glendale_Drive,Charles_Village,4
684,22632,HomeGoods,520_Grim_Pass,Hunting_Ridge,8
685,21791,Dollar_Tree,1_American_Ash_Court,Mondawmin,9
686,22726,Shopko,516_Village_Crossing,Millhill,5
687,84406,BJ's_Wholesale_Club,666_Hoffman_Drive,Morrell_Park,12
688,22960,Harbor_Freight_Tools,2552_Cascade_Drive,Loch_Raven,1
689,10002,T.J._Maxx,040_Dexter_Street,Seton_Business_Park,6
690,84029,Ocean_State_Job_Lot,1_Novick_Parkway,Fells_Point,10
691,22728,HomeSense,7_Rutledge_Place,Glenham-Belford,8
692,22748,Renys,4_Swallow_Junction,Port_Covington,1
693,84406,BJ's_Wholesale_Club,20859_Debra_Point,Morrell_Park,10
694,22913,Stein_Mart,09391_Vernon_Terrace,Gay_Street,10
695,84879,Ben_Franklin,85959_Everett_Lane,Bridgeview/Greenlawn,1
696,22727,Fred_Meyer,698_Anniversary_Point,Charles_Village,6
697,22726,Shopko,67421_Village_Junction,Millhill,11
698,22310,Meijer,3_Monica_Way,Ellwood_Park/Monument,7
699,21755,Tuesday_Morning,0284_Kipling_Terrace,Belair-Edison,12
700,21883,Bi-Mart,5557_Tennessee_Avenue,Washington_Village,11
701,22749,Gabe's,6398_Badeau_Park,Oliver,7
702,21755,Tuesday_Morning,9234_Schlimgen_Circle,Belair-Edison,7
703,22310,Meijer,873_Northwestern_Crossing,Ellwood_Park/Monument,4
704,48187,Dollar_General,89_Ramsey_Plaza,Glen_Oaks,9
705,21883,Bi-Mart,0_Meadow_Vale_Hill,Washington_Village,3
706,22745,Burlington_Coat_Factory,72331_Boyd_Place,Upton,1
707,22622,Target,0431_Aberg_Center,Hoes_Heights,3
708,22632,HomeGoods,6236_Delladonna_Parkway,Hunting_Ridge,1
709,22752,Costco,0157_Village_Avenue,Baltimore_Highlands,10
710,22745,Burlington_Coat_Factory,49_Donald_Parkway,Upton,8
711,22310,Meijer,34_Bayside_Center,Ellwood_Park/Monument,7
712,21777,Walmart,71_Wayridge_Point,Sabina-Mattfeldt,4
713,84029,Ocean_State_Job_Lot,5377_Burrows_Hill,Fells_Point,2
714,84969,Dd's_Discounts,66_Ilene_Place,Canton,12
715,22726,Shopko,953_Cody_Avenue,Millhill,12
716,10002,T.J._Maxx,002_Karstens_Crossing,Seton_Business_Park,1
717,22632,HomeGoods,162_Farragut_Point,Hunting_Ridge,10
718,48187,Dollar_General,78740_Waxwing_Circle,Glen_Oaks,1
719,22623,Gordmans,27_Norway_Maple_Terrace,Hampden,2
720,85123,National_Stores,18533_Harbort_Road,Bolton_Hill,12
721,21730,Fred's,864_Ridgeway_Pass,Pulaski_Industrial_Area,4
722,22726,Shopko,4_Mcbride_Way,Millhill,4
723,21755,Tuesday_Morning,49_Darwin_Pass,Belair-Edison,7
724,22960,Harbor_Freight_Tools,901_Gale_Parkway,Loch_Raven,4
725,21756,Roses,54_Emmet_Point,Frankford,3
726,22748,Renys,7183_Fairview_Alley,Port_Covington,5
727,21777,Walmart,881_Lakewood_Gardens_Point,Sabina-Mattfeldt,9
728,37444,Ollie's_Bargain_Outlet,35_Kinsman_Crossing,Charles_Village,7
729,22632,HomeGoods,70872_Northland_Alley,Hunting_Ridge,5
730,21755,Tuesday_Morning,7_Meadow_Vale_Alley,Belair-Edison,7
731,22745,Burlington_Coat_Factory,3_Arapahoe_Plaza,Upton,8
732,22726,Shopko,8_Fairfield_Hill,Millhill,8
733,22633,Big_Lots,59492_Macpherson_Center,Brooklyn,4
734,84879,Ben_Franklin,05_Graceland_Court,Bridgeview/Greenlawn,3
735,21791,Dollar_Tree,12_Waubesa_Park,Mondawmin,5
736,22310,Meijer,976_Rusk_Junction,Ellwood_Park/Monument,9
737,21730,Fred's,2_Buena_Vista_Drive,Pulaski_Industrial_Area,12
738,71053,Family_Dollar,81_Milwaukee_Street,Ashburton,2
739,22913,Stein_Mart,01_Mallory_Drive,Gay_Street,8
740,21756,Roses,64_Hazelcrest_Junction,Frankford,11
741,84879,Ben_Franklin,4653_Ludington_Court,Bridgeview/Greenlawn,7
742,22749,Gabe's,4104_Kings_Drive,Oliver,10
743,22728,HomeSense,8_Sommers_Way,Glenham-Belford,11
744,22310,Meijer,3776_Rigney_Road,Ellwood_Park/Monument,9
745,22633,Big_Lots,4650_Linden_Road,Brooklyn,3
746,21791,Dollar_Tree,3867_Arapahoe_Hill,Mondawmin,4
747,22745,Burlington_Coat_Factory,974_Mallory_Alley,Upton,1
748,21791,,7_Fairfield_Drive,Mondawmin,1
749,21754,Ross_Stores,1891_Mallory_Terrace,Better_Waverly,6
750,22632,HomeGoods,251_Mallard_Trail,Hunting_Ridge,3
751,84879,Ben_Franklin,30_Columbus_Crossing,Bridgeview/Greenlawn,12
752,22632,HomeGoods,504_Dorton_Parkway,Hunting_Ridge,6
753,85123,National_Stores,48605_Holmberg_Park,Bolton_Hill,7
754,22727,Fred_Meyer,2_Butternut_Pass,Charles_Village,12
755,22960,Harbor_Freight_Tools,68238_Pierstorff_Hill,Loch_Raven,5
756,22726,Shopko,008_Manley_Pass,Millhill,8
757,22310,Meijer,03754_Northport_Park,Ellwood_Park/Monument,7
758,21730,Fred's,2564_Buell_Park,Pulaski_Industrial_Area,10
759,22912,Marshalls,05_Judy_Terrace,Central_Park_Heights,8
760,10002,T.J._Maxx,82_Warbler_Circle,Seton_Business_Park,12
761,22914,Five_Below,3089_Porter_Drive,Washington_Village,3
762,21730,Fred's,06_High_Crossing_Street,Pulaski_Industrial_Area,5
763,22632,HomeGoods,811_Rockefeller_Avenue,Hunting_Ridge,5
764,85123,National_Stores,0_Cambridge_Drive,Bolton_Hill,12
765,22728,HomeSense,52636_Roth_Place,Glenham-Belford,2
766,84406,BJ's_Wholesale_Club,849_Upham_Road,Morrell_Park,1
767,22726,Shopko,79_Bayside_Point,Millhill,8
768,22913,Stein_Mart,4_Rockefeller_Point,Gay_Street,4
769,84406,BJ's_Wholesale_Club,27_Manitowish_Terrace,Morrell_Park,3
770,22310,Meijer,117_Jay_Lane,Ellwood_Park/Monument,7
771,21791,Dollar_Tree,05_Schurz_Circle,Mondawmin,6
772,85123,National_Stores,5883_Mcbride_Alley,Bolton_Hill,7
773,84879,Ben_Franklin,04357_Eliot_Terrace,Bridgeview/Greenlawn,3
774,22726,Shopko,84_Starling_Junction,Millhill,10
775,85123,National_Stores,208_Sachs_Plaza,Bolton_Hill,9
776,84879,Ben_Franklin,580_Clove_Avenue,Bridgeview/Greenlawn,8
777,22912,Marshalls,3_Glendale_Point,Central_Park_Heights,1
778,22633,Big_Lots,1_La_Follette_Drive,Brooklyn,4
779,21724,Kmart,06_3rd_Crossing,Cherry_Hill,2
780,22913,Stein_Mart,26_Bobwhite_Alley,Gay_Street,8
781,37444,Ollie's_Bargain_Outlet,6_Hoard_Junction,Charles_Village,3
782,22913,Stein_Mart,104_Marcy_Hill,Gay_Street,6
783,22726,Shopko,0165_Forest_Run_Plaza,Millhill,5
784,10002,T.J._Maxx,6_Shelley_Parkway,Seton_Business_Park,3
785,48187,Dollar_General,22138_Lukken_Point,Glen_Oaks,3
786,21035,Bargain_Hunt,077_School_Pass,Mount_Holly,2
787,21724,Kmart,410_Maryland_Lane,Cherry_Hill,9
788,71053,Family_Dollar,681_Hovde_Drive,Ashburton,2
789,22748,Renys,63739_Transport_Crossing,Port_Covington,11
790,22622,Target,75984_Lerdahl_Terrace,Hoes_Heights,7
791,21730,Fred's,20911_Pond_Road,Pulaski_Industrial_Area,6
792,21791,Dollar_Tree,2_Katie_Point,Mondawmin,2
793,48187,Dollar_General,99_Independence_Street,Glen_Oaks,3
794,85123,National_Stores,18_Vera_Circle,Bolton_Hill,6
795,22623,Gordmans,03669_7th_Alley,Hampden,9
796,22633,Big_Lots,1943_Sloan_Circle,Brooklyn,6
797,21754,Ross_Stores,0_Monica_Road,Better_Waverly,8
798,84969,Dd's_Discounts,8_Scott_Crossing,Canton,3
799,22749,Gabe's,2_Emmet_Place,Oliver,8
800,22310,Meijer,3613_Columbus_Road,Ellwood_Park/Monument,7
801,22912,Marshalls,31_Vera_Junction,Central_Park_Heights,8
802,22727,Fred_Meyer,7_Chinook_Drive,Charles_Village,12
803,22912,Marshalls,1_Ronald_Regan_Avenue,Central_Park_Heights,4
804,22752,Costco,1835_Harper_Parkway,Baltimore_Highlands,10
805,22726,Shopko,70_Shopko_Park,Millhill,1
806,22960,Harbor_Freight_Tools,07_Ridgeview_Pass,Loch_Raven,10
807,22622,Target,335_Norway_Maple_Junction,Hoes_Heights,12
808,84879,Ben_Franklin,49_Lighthouse_Bay_Lane,Bridgeview/Greenlawn,5
809,21777,Walmart,0_Fairview_Point,Sabina-Mattfeldt,7
810,21755,Tuesday_Morning,6246_Sugar_Pass,Belair-Edison,10
811,22912,Marshalls,38_Mosinee_Pass,Central_Park_Heights,1
812,84969,Dd's_Discounts,274_Lukken_Crossing,Canton,12
813,22623,Gordmans,0_Manley_Junction,Hampden,11
814,21035,Bargain_Hunt,51_Sunbrook_Plaza,Mount_Holly,3
815,71053,Family_Dollar,6_Continental_Alley,Ashburton,8
816,22623,Gordmans,324_Northport_Center,Hampden,10
817,21791,Dollar_Tree,3987_Hallows_Place,Mondawmin,4
818,22748,Renys,9833_Marcy_Lane,Port_Covington,4
819,37444,Ollie's_Bargain_Outlet,162_Laurel_Street,Charles_Village,3
820,10002,T.J._Maxx,926_La_Follette_Parkway,Seton_Business_Park,8
821,22748,Renys,759_Sutherland_Terrace,Port_Covington,9
822,21755,Tuesday_Morning,5_Fallview_Alley,Belair-Edison,9
823,84879,Ben_Franklin,44_Morning_Point,Bridgeview/Greenlawn,8
824,71053,Family_Dollar,739_Kim_Drive,Ashburton,3
825,22745,Burlington_Coat_Factory,789_Sachtjen_Road,Upton,11
826,10002,T.J._Maxx,330_Ludington_Junction,Seton_Business_Park,9
827,84029,Ocean_State_Job_Lot,89551_Waywood_Junction,Fells_Point,3
828,22623,Gordmans,0_Vermont_Parkway,Hampden,4
829,85123,National_Stores,178_Derek_Crossing,Bolton_Hill,6
830,84029,Ocean_State_Job_Lot,5_Golf_Center,Fells_Point,7
831,22913,Stein_Mart,782_Bobwhite_Drive,Gay_Street,10
832,85123,National_Stores,968_Nelson_Plaza,Bolton_Hill,2
833,21883,Bi-Mart,2_Stoughton_Place,Washington_Village,8
834,85123,National_Stores,57_Anniversary_Crossing,Bolton_Hill,8
835,85123,National_Stores,0_Butterfield_Hill,Bolton_Hill,7
836,10002,T.J._Maxx,3068_Cardinal_Park,Seton_Business_Park,4
837,21755,Tuesday_Morning,22591_Pine_View_Terrace,Belair-Edison,6
838,84406,BJ's_Wholesale_Club,42_Mitchell_Way,Morrell_Park,11
839,21883,Bi-Mart,36439_Brickson_Park_Point,Washington_Village,2
840,84406,BJ's_Wholesale_Club,0_Stuart_Crossing,Morrell_Park,8
841,22749,Gabe's,64_Susan_Parkway,Oliver,1
842,71053,Family_Dollar,357_Kings_Street,Ashburton,2
843,21754,Ross_Stores,8_Dryden_Park,Better_Waverly,2
844,85123,National_Stores,0_Claremont_Park,Bolton_Hill,8
845,22310,Meijer,42_Morrow_Alley,Ellwood_Park/Monument,1
846,21730,Fred's,98_Lyons_Pass,Pulaski_Industrial_Area,2
847,22310,Meijer,9437_Rowland_Alley,Ellwood_Park/Monument,6
848,10002,T.J._Maxx,9_Anhalt_Center,Seton_Business_Park,5
849,21791,Dollar_Tree,9382_Stephen_Trail,Mondawmin,2
850,22912,Marshalls,59834_Forster_Junction,Central_Park_Heights,4
851,21724,Kmart,88136_Menomonie_Terrace,Cherry_Hill,3
852,22726,Shopko,3351_John_Wall_Road,Millhill,1
853,22752,Costco,383_Briar_Crest_Way,Baltimore_Highlands,12
854,21730,Fred's,3_Arizona_Street,Pulaski_Industrial_Area,11
855,22913,Stein_Mart,4_New_Castle_Circle,Gay_Street,12
856,84969,Dd's_Discounts,9610_Meadow_Valley_Way,Canton,3
857,22632,HomeGoods,539_Merry_Junction,Hunting_Ridge,8
858,21724,Kmart,94079_Warner_Plaza,Cherry_Hill,6
859,22913,Stein_Mart,4_2nd_Hill,Gay_Street,3
860,22727,Fred_Meyer,13298_Petterle_Place,Charles_Village,8
861,22912,Marshalls,56063_La_Follette_Parkway,Central_Park_Heights,10
862,21035,Bargain_Hunt,75_Park_Meadow_Crossing,Mount_Holly,8
863,84406,BJ's_Wholesale_Club,65905_Superior_Plaza,Morrell_Park,2
864,21755,Tuesday_Morning,32377_Manufacturers_Center,Belair-Edison,1
865,85123,National_Stores,6_Delladonna_Street,Bolton_Hill,8
866,22727,Fred_Meyer,878_Corry_Circle,Charles_Village,2
867,21756,Roses,8427_Del_Sol_Lane,Frankford,2
868,84969,Dd's_Discounts,0_Elgar_Road,Canton,11
869,21724,Kmart,9306_Glacier_Hill_Terrace,Cherry_Hill,7
870,21724,Kmart,83079_Sutherland_Pass,Cherry_Hill,12
871,48187,Dollar_General,49847_Petterle_Circle,Glen_Oaks,7
872,21755,Tuesday_Morning,31_Killdeer_Crossing,Belair-Edison,12
873,48187,Dollar_General,48816_Bartillon_Place,Glen_Oaks,11
874,21035,Bargain_Hunt,8_Glacier_Hill_Parkway,Mount_Holly,11
875,22752,Costco,77718_Randy_Court,Baltimore_Highlands,7
876,84029,Ocean_State_Job_Lot,83_Del_Sol_Crossing,Fells_Point,3
877,71053,Family_Dollar,771_Gerald_Way,Ashburton,11
878,84879,Ben_Franklin,07_Waywood_Road,Bridgeview/Greenlawn,8
879,22960,Harbor_Freight_Tools,7196_Morning_Hill,Loch_Raven,4
880,37444,Ollie's_Bargain_Outlet,2377_Coolidge_Road,Charles_Village,7
881,22749,Gabe's,77_Waubesa_Lane,Oliver,6
882,21791,Dollar_Tree,81978_Stoughton_Parkway,Mondawmin,10
883,22622,Target,01_Delladonna_Terrace,Hoes_Heights,6
884,21791,Dollar_Tree,22576_Sullivan_Court,Mondawmin,12
885,22960,Harbor_Freight_Tools,908_Iowa_Terrace,Loch_Raven,2
886,22622,Target,25_Norway_Maple_Plaza,Hoes_Heights,11
887,22728,HomeSense,4_Pond_Terrace,Glenham-Belford,11
888,22728,HomeSense,25258_Westport_Junction,Glenham-Belford,10
889,22912,Marshalls,9_Merry_Crossing,Central_Park_Heights,2
890,22745,Burlington_Coat_Factory,5278_La_Follette_Hill,Upton,11
891,84879,Ben_Franklin,794_Armistice_Plaza,Bridgeview/Greenlawn,3
892,22913,Stein_Mart,31458_Calypso_Alley,Gay_Street,2
893,22727,Fred_Meyer,9804_American_Ash_Pass,Charles_Village,9
894,21883,Bi-Mart,0785_Kensington_Plaza,Washington_Village,10
895,22623,Gordmans,2230_Evergreen_Pass,Hampden,1
896,22726,Shopko,17_Gateway_Drive,Millhill,5
897,21791,Dollar_Tree,082_Karstens_Plaza,Mondawmin,6
898,22912,Marshalls,0140_American_Park,Central_Park_Heights,10
899,84406,BJ's_Wholesale_Club,0037_Victoria_Crossing,Morrell_Park,9
900,22914,Five_Below,8971_Di_Loreto_Point,Washington_Village,2
901,22726,Shopko,40_Graedel_Hill,Millhill,1
902,21035,Bargain_Hunt,2487_Hovde_Terrace,Mount_Holly,1
903,22914,Five_Below,223_Sheridan_Trail,Washington_Village,10
904,22960,Harbor_Freight_Tools,9230_Park_Meadow_Hill,Loch_Raven,10
905,21791,Dollar_Tree,1_Eastlawn_Parkway,Mondawmin,5
906,48187,Dollar_General,34_Cascade_Plaza,Glen_Oaks,11
907,84969,Dd's_Discounts,41701_4th_Place,Canton,4
908,71053,Family_Dollar,92_Vera_Parkway,Ashburton,5
909,21883,Bi-Mart,285_Harbort_Center,Washington_Village,6
910,21756,Roses,3735_Lien_Drive,Frankford,2
911,22913,Stein_Mart,5_Orin_Hill,Gay_Street,12
912,21035,Bargain_Hunt,5_Vermont_Crossing,Mount_Holly,6
913,48187,Dollar_General,5693_Bultman_Road,Glen_Oaks,7
914,22913,Stein_Mart,2_Esch_Park,Gay_Street,7
915,21777,Walmart,1311_Jenna_Parkway,Sabina-Mattfeldt,6
916,22749,Gabe's,8_Carey_Court,Oliver,3
917,21724,Kmart,532_Express_Crossing,Cherry_Hill,10
918,22913,Stein_Mart,4_Swallow_Center,Gay_Street,12
919,22726,Shopko,2_Rockefeller_Crossing,Millhill,9
920,84029,Ocean_State_Job_Lot,3_1st_Court,Fells_Point,5
921,22623,Gordmans,1_Bartelt_Road,Hampden,5
922,22752,Costco,23_Ryan_Lane,Baltimore_Highlands,8
923,10002,T.J._Maxx,24_Summit_Center,Seton_Business_Park,7
924,84406,BJ's_Wholesale_Club,759_David_Point,Morrell_Park,6
925,22960,Harbor_Freight_Tools,58332_Talmadge_Avenue,Loch_Raven,4
926,21791,Dollar_Tree,67808_Spaight_Pass,Mondawmin,12
927,21791,Dollar_Tree,76_Maywood_Court,Mondawmin,6
928,84029,Ocean_State_Job_Lot,24347_Stone_Corner_Road,Fells_Point,1
929,22912,Marshalls,4_Katie_Trail,Central_Park_Heights,10
930,21724,Kmart,342_Green_Drive,Cherry_Hill,8
931,37444,Ollie's_Bargain_Outlet,988_Michigan_Avenue,Charles_Village,8
932,37444,Ollie's_Bargain_Outlet,5_Independence_Crossing,Charles_Village,6
933,21730,Fred's,920_Larry_Parkway,Pulaski_Industrial_Area,6
934,22727,Fred_Meyer,5_Magdeline_Street,Charles_Village,3
935,21730,Fred's,4_Onsgard_Way,Pulaski_Industrial_Area,8
936,21777,Walmart,867_Fallview_Junction,Sabina-Mattfeldt,5
937,84969,Dd's_Discounts,48_Bay_Road,Canton,8
938,21755,Tuesday_Morning,08492_Vera_Way,Belair-Edison,12
939,21035,Bargain_Hunt,41269_Delladonna_Drive,Mount_Holly,10
940,22912,Marshalls,8_Lukken_Terrace,Central_Park_Heights,6
941,21755,Tuesday_Morning,9952_Lindbergh_Alley,Belair-Edison,2
942,84029,Ocean_State_Job_Lot,038_Ridgeway_Circle,Fells_Point,9
943,21755,Tuesday_Morning,59_Porter_Crossing,Belair-Edison,2
944,21756,Roses,52_Reinke_Circle,Frankford,2
945,21883,Bi-Mart,8614_Ridgeway_Center,Washington_Village,8
946,48187,Dollar_General,28_Sutteridge_Alley,Glen_Oaks,10
947,22748,Renys,12101_Pawling_Junction,Port_Covington,7
948,21883,Bi-Mart,6_Dottie_Circle,Washington_Village,1
949,22728,HomeSense,0_Division_Avenue,Glenham-Belford,2
950,22633,Big_Lots,715_Del_Sol_Road,Brooklyn,2
951,10002,T.J._Maxx,10_Cascade_Drive,Seton_Business_Park,12
952,84406,BJ's_Wholesale_Club,441_Helena_Place,Morrell_Park,9
953,22622,Target,02193_Mifflin_Avenue,Hoes_Heights,1
954,21791,Dollar_Tree,53247_Arkansas_Parkway,Mondawmin,6
955,84406,BJ's_Wholesale_Club,76_Pine_View_Plaza,Morrell_Park,5
956,48187,Dollar_General,880_Fairview_Avenue,Glen_Oaks,5
957,71053,Family_Dollar,72_Gulseth_Parkway,Ashburton,4
958,21756,Roses,56067_Golf_Way,Frankford,12
959,48187,Dollar_General,6531_Dapin_Plaza,Glen_Oaks,10
960,22728,HomeSense,5_Packers_Circle,Glenham-Belford,4
961,22749,Gabe's,4_Harper_Hill,Oliver,11
962,22749,Gabe's,759_Gerald_Circle,Oliver,12
963,22913,Stein_Mart,0845_Goodland_Street,Gay_Street,10
964,21730,Fred's,42_Summit_Alley,Pulaski_Industrial_Area,6
965,22745,Burlington_Coat_Factory,57786_Prairieview_Alley,Upton,7
966,22623,Gordmans,168_Tomscot_Junction,Hampden,4
967,10002,T.J._Maxx,5_Hanson_Court,Seton_Business_Park,10
968,22726,Shopko,6359_Alpine_Street,Millhill,2
969,21777,Walmart,660_Esker_Alley,Sabina-Mattfeldt,5
970,22752,Costco,96487_Buena_Vista_Road,Baltimore_Highlands,11
971,71053,Family_Dollar,27_South_Terrace,Ashburton,6
972,21730,Fred's,5_Waxwing_Terrace,Pulaski_Industrial_Area,2
973,22726,Shopko,68988_Mitchell_Circle,Millhill,10
974,21756,Roses,88_Annamark_Center,Frankford,10
975,22622,Target,1_Lien_Parkway,Hoes_Heights,5
976,21777,Walmart,93318_Cascade_Park,Sabina-Mattfeldt,1
977,48187,Dollar_General,77_West_Lane,Glen_Oaks,9
978,22622,Target,0964_Schmedeman_Drive,Hoes_Heights,3
979,21777,Walmart,29193_Lunder_Lane,Sabina-Mattfeldt,2
980,71053,Family_Dollar,53033_Clyde_Gallagher_Crossing,Ashburton,8
981,10002,T.J._Maxx,6_Mayfield_Terrace,Seton_Business_Park,10
982,22914,Five_Below,4703_Blue_Bill_Park_Point,Washington_Village,11
983,22622,Target,302_Sundown_Way,Hoes_Heights,5
984,22622,Target,50768_Karstens_Street,Hoes_Heights,4
985,21791,Dollar_Tree,84_Superior_Drive,Mondawmin,12
986,37444,Ollie's_Bargain_Outlet,40_Blue_Bill_Park_Pass,Charles_Village,9
987,10002,T.J._Maxx,98_Lake_View_Junction,Seton_Business_Park,1
988,84879,Ben_Franklin,09220_John_Wall_Point,Bridgeview/Greenlawn,12
989,85123,National_Stores,0_Anthes_Road,Bolton_Hill,8
990,21883,Bi-Mart,2_Schmedeman_Park,Washington_Village,10
991,21756,Roses,9_Randy_Road,Frankford,3
992,21755,Tuesday_Morning,1557_Boyd_Street,Belair-Edison,6
993,21777,Walmart,59238_Shopko_Terrace,Sabina-Mattfeldt,6
994,22749,Gabe's,3_Tennyson_Trail,Oliver,9
995,21724,Kmart,9_Morningstar_Parkway,Cherry_Hill,2
996,21777,Walmart,7_Roxbury_Place,Sabina-Mattfeldt,3
997,10002,T.J._Maxx,9476_Morrow_Trail,Seton_Business_Park,12
998,22745,Burlington_Coat_Factory,3029_Hollow_Ridge_Place,Upton,6
999,21755,Tuesday_Morning,496_Dapin_Hill,Belair-Edison,6
1000,22633,Big_Lots,99_Granby_Place,Brooklyn,2
